company,count,as_of
USM Business Systems,21,2026-07-13
Apple,17,2026-07-13
Microsoft,15,2026-07-13
Amazon,13,2026-07-13
Nokia,13,2026-07-13
Atria Group,13,2026-07-13
Integrated Resources,12,2026-07-13
JP Morgan Chase,11,2026-07-13
Innodata,11,2026-07-13
Oracle,10,2026-07-13
Tesla,10,2026-07-13
RTX,9,2026-07-13
SpaceX,9,2026-07-13
Collabera,9,2026-07-13
Jobs for Humanity,8,2026-07-13
Tenstorrent,7,2026-07-13
BAE Systems,7,2026-07-13
Meta,7,2026-07-13
John Deere,7,2026-07-13
Intel,7,2026-07-13
The Boeing Company,7,2026-07-13
L3Harris Technologies,7,2026-07-13
Berkshire Hathaway Energy,6,2026-07-13
Northrop Grumman,6,2026-07-13
Magna,6,2026-07-13
Texas Instruments,6,2026-07-13
Leidos,6,2026-07-13
Google,6,2026-07-13
BCforward,6,2026-07-13
KRG Technologies,6,2026-07-13
Canon,6,2026-07-13
General Motors,5,2026-07-13
onsemi,5,2026-07-13
Eurofins,5,2026-07-13
Veeva Systems,5,2026-07-13
Anduril,5,2026-07-13
Blue Origin,5,2026-07-13
Rogers Behavioral Health,5,2026-07-13
General Dynamics Information Technology,5,2026-07-13
Honeywell,5,2026-07-13
KLA,4,2026-07-13
Salesforce,4,2026-07-13
Tencent,4,2026-07-13
Marvell,4,2026-07-13
TikTok,4,2026-07-13
Point72,4,2026-07-13
Citadel,4,2026-07-13
RWS,4,2026-07-13
WTW,4,2026-07-13
Fanatics,4,2026-07-13
Microchip Technology,4,2026-07-13
Global Channel Management,4,2026-07-13
Ask IT Consulting,4,2026-07-13
NVIDIA,4,2026-07-13
Cohere,4,2026-07-13
Adobe,4,2026-07-13
PNC Financial Services,4,2026-07-13
Accenture,4,2026-07-13
Peraton,4,2026-07-13
mthree,4,2026-07-13
LexisNexis Risk Solutions,4,2026-07-13
Vertiv,4,2026-07-13
CVS Health,4,2026-07-13
CACI,4,2026-07-13
Mindlance,4,2026-07-13
ABB,3,2026-07-13
Hewlett Packard Enterprise,3,2026-07-13
Goldman Sachs,3,2026-07-13
CoStar Group,3,2026-07-13
ByteDance,3,2026-07-13
KBR,3,2026-07-13
Palantir,3,2026-07-13
Veolia,3,2026-07-13
Boston Consulting Group,3,2026-07-13
Expedia Group,3,2026-07-13
Citadel Securities,3,2026-07-13
Infojini,3,2026-07-13
Fortinet,3,2026-07-13
Uncountable,3,2026-07-13
SA Technologies,3,2026-07-13
Kanshe Infotech,3,2026-07-13
IMC Trading,3,2026-07-13
Robert Bosch Venture Capital,3,2026-07-13
TSC,3,2026-07-13
University of Arkansas,3,2026-07-13
Fidelity Investments,3,2026-07-13
Cummins,3,2026-07-13
Walleye Capital,3,2026-07-13
Rivian and Volkswagen Group Technologies,3,2026-07-13
CIBC,3,2026-07-13
RELX,3,2026-07-13
UL Solutions,3,2026-07-13
STEM Xpert,3,2026-07-13
BNY,3,2026-07-13
NOV,3,2026-07-13
Twitch,3,2026-07-13
Charles Schwab,3,2026-07-13
General Dynamics Mission Systems,3,2026-07-13
Invisible Technologies AI,3,2026-07-13
DV Trading,3,2026-07-13
Canonical,3,2026-07-13
Giga AI,3,2026-07-13
Career Guidant,3,2026-07-13
Tech Tammina,3,2026-07-13
GM financial,3,2026-07-13
Keysight Technologies,3,2026-07-13
Micron Technology,3,2026-07-13
AMERICAN SYSTEMS,3,2026-07-13
Emerson Electric,3,2026-07-13
Motorola,3,2026-07-13
STR,3,2026-07-13
TMX Group,3,2026-07-13
Zebra Technologies,3,2026-07-13
GlobalFoundries,3,2026-07-13
Vanguard,3,2026-07-13
CrowdGen by Appen,3,2026-07-13
Various,2,2026-07-13
GitHub,2,2026-07-13
Faire,2,2026-07-13
The New York Times,2,2026-07-13
Thermo Fisher Scientific,2,2026-07-13
Waymo,2,2026-07-13
Aechelon Technology,2,2026-07-13
Lambda,2,2026-07-13
RESPEC,2,2026-07-13
Hunt Oil Company,2,2026-07-13
Mechanize,2,2026-07-13
Ardian,2,2026-07-13
Mercor,2,2026-07-13
Neuralink,2,2026-07-13
SRI International,2,2026-07-13
Bosch,2,2026-07-13
ASML,2,2026-07-13
LinkedIn,2,2026-07-13
Waabi,2,2026-07-13
Major League Baseball,2,2026-07-13
Anthropic,2,2026-07-13
Northwestern Mutual,2,2026-07-13
Perplexity AI,2,2026-07-13
SharkNinja,2,2026-07-13
True Anomaly,2,2026-07-13
Black Box,2,2026-07-13
Cresta,2,2026-07-13
Marmon Holdings,2,2026-07-13
Hermeus,2,2026-07-13
Rivian,2,2026-07-13
Mercedes-Benz,2,2026-07-13
DP World,2,2026-07-13
Cirrus Logic,2,2026-07-13
Atomic Semi,2,2026-07-13
Aquatic Capital Management,2,2026-07-13
Susquehanna International Group (SIG),2,2026-07-13
Radix Trading,2,2026-07-13
Formlabs,2,2026-07-13
Mariana Minerals,2,2026-07-13
Primetals Technologies,2,2026-07-13
Metropolitan Transportation Authority,2,2026-07-13
Geotab,2,2026-07-13
Smiths Detection Group,2,2026-07-13
Trane Technologies,2,2026-07-13
Super,2,2026-07-13
Akima,2,2026-07-13
Rocket Lab USA,2,2026-07-13
BlueLabs Analytics,2,2026-07-13
Scale AI,2,2026-07-13
Brunswick,2,2026-07-13
Reply,2,2026-07-13
Hitachi,2,2026-07-13
Meshy,2,2026-07-13
Marsh,2,2026-07-13
ServiceNow,2,2026-07-13
Ciena,2,2026-07-13
Rippling,2,2026-07-13
Block,2,2026-07-13
Sandisk,2,2026-07-13
Field AI,2,2026-07-13
NRG Energy,2,2026-07-13
The Campbell's Company,2,2026-07-13
Illinois Tool Works,2,2026-07-13
Deloitte,2,2026-07-13
Optiver,2,2026-07-13
GE Aerospace,2,2026-07-13
BP,2,2026-07-13
Definity Financial,2,2026-07-13
Dover,2,2026-07-13
Viridien,2,2026-07-13
EPRI,2,2026-07-13
Ralliant,2,2026-07-13
Generac,2,2026-07-13
Baker Hughes,2,2026-07-13
General Dynamics UK,2,2026-07-13
AG Technologies,2,2026-07-13
Astera Labs,2,2026-07-13
N1,2,2026-07-13
Graphcore,2,2026-07-13
Qualcomm,2,2026-07-13
Cisco,2,2026-07-13
BlackRock,2,2026-07-13
Samsung,2,2026-07-13
Wyetech,2,2026-07-13
BTI Solutions,2,2026-07-13
Thorlabs,2,2026-07-13
Xometry,2,2026-07-13
Parsons,2,2026-07-13
Danaher Corporation,2,2026-07-13
Sainsbury's,2,2026-07-13
Westinghouse Electric Company,2,2026-07-13
Howmet Aerospace,2,2026-07-13
Paramount Global,2,2026-07-13
Applied Materials,2,2026-07-13
Latitude,2,2026-07-13
Snowflake,2,2026-07-13
Jefferies,2,2026-07-13
Quantcast,2,2026-07-13
Sierra Nevada Corporation,2,2026-07-13
Arka Infotech,2,2026-07-13
Intertek,2,2026-07-13
DellFor Technologies,2,2026-07-13
TEGNA,2,2026-07-13
Kite Ping,2,2026-07-13
Saxon Global,2,2026-07-13
Capital One,2,2026-07-13
Testing Xperts,2,2026-07-13
Freedom Technology Solutions Group,2,2026-07-13
iSoftStone,2,2026-07-13
The Information Lab,2,2026-07-13
Stantec,2,2026-07-13
Jabil,2,2026-07-13
Denso,2,2026-07-13
Randstad,2,2026-07-13
System Canada Technologies,2,2026-07-13
Direct Staffing,2,2026-07-13
Torc Robotics,2,2026-07-13
Handshake,2,2026-07-13
2U,2,2026-07-13
Hyundai Motor Company,2,2026-07-13
Altamira Technologies,2,2026-07-13
Brink,2,2026-07-13
PAR Tech,2,2026-07-13
DAT Freight & Analytics,2,2026-07-13
Western Digital,2,2026-07-13
Corning,2,2026-07-13
Halliburton,2,2026-07-13
William & Mary,2,2026-07-13
Latitude AI,2,2026-07-13
Chicago Trading Company,2,2026-07-13
Acuity,2,2026-07-13
Lumotive,2,2026-07-13
Worldwide TechServices,2,2026-07-13
Royal Bank of Canada,2,2026-07-13
GE Healthcare,2,2026-07-13
Cincinnati Children’s Hospital and Medical Center,2,2026-07-13
iHeartMedia,2,2026-07-13
Harvard University,2,2026-07-13
Schonfeld,2,2026-07-13
Penn Interactive,2,2026-07-13
Insperity,2,2026-07-13
Virtu Financial,2,2026-07-13
United Launch Alliance,2,2026-07-13
Johnson Controls,2,2026-07-13
Real Chemistry,2,2026-07-13
The Walt Disney Company,2,2026-07-13
Allica Bank,2,2026-07-13
Cox,2,2026-07-13
University of Wisconsin System,2,2026-07-13
iCapital Network,2,2026-07-13
Marsh & McLennan,2,2026-07-13
Louisiana State University (LSU),2,2026-07-13
Teamworks,2,2026-07-13
Prosidian Consulting,2,2026-07-13
WellSky,2,2026-07-13
HumanSignal,2,2026-07-13
Welo Global,2,2026-07-13
RSM,1,2026-07-13
Vermeer,1,2026-07-13
Staples,1,2026-07-13
AnySignal,1,2026-07-13
Bloom Energy,1,2026-07-13
Jack Henry,1,2026-07-13
KPMG,1,2026-07-13
JM Family,1,2026-07-13
Prologis,1,2026-07-13
SAS,1,2026-07-13
KSM,1,2026-07-13
EQT Corporation,1,2026-07-13
Takeda,1,2026-07-13
L.L.Bean,1,2026-07-13
Clio,1,2026-07-13
DRW Holdings,1,2026-07-13
Cluely,1,2026-07-13
Scientech Research,1,2026-07-13
Copart,1,2026-07-13
Layup Parts,1,2026-07-13
Mistral AI,1,2026-07-13
Sezzle,1,2026-07-13
Docugami,1,2026-07-13
Lyft,1,2026-07-13
ID.me,1,2026-07-13
Tessera Labs,1,2026-07-13
REGENT,1,2026-07-13
Anima,1,2026-07-13
Toyota Research Institute,1,2026-07-13
Octaura,1,2026-07-13
Figure,1,2026-07-13
SRI,1,2026-07-13
Skyworks,1,2026-07-13
Reacher,1,2026-07-13
Truveta,1,2026-07-13
OCC,1,2026-07-13
Advantmed,1,2026-07-13
Stevens Capital Management,1,2026-07-13
Walrus,1,2026-07-13
TENEX.AI,1,2026-07-13
NewsBreak,1,2026-07-13
Dandy,1,2026-07-13
Ambarella,1,2026-07-13
Barclays,1,2026-07-13
Simular,1,2026-07-13
Institute of Foundation Models,1,2026-07-13
PayPal,1,2026-07-13
AccuWeather,1,2026-07-13
Etched.ai,1,2026-07-13
Base Power,1,2026-07-13
Westinghouse,1,2026-07-13
Capella,1,2026-07-13
Velera,1,2026-07-13
AstraZeneca,1,2026-07-13
Symmetry Systems,1,2026-07-13
The Exploration Company,1,2026-07-13
Cadence,1,2026-07-13
Dexcom,1,2026-07-13
AeroVironment,1,2026-07-13
MCG Health,1,2026-07-13
Astranis,1,2026-07-13
"Medpace, Inc.",1,2026-07-13
Instacart,1,2026-07-13
Samsung Research America,1,2026-07-13
Jump Crypto,1,2026-07-13
Jane Street,1,2026-07-13
PVM,1,2026-07-13
Link,1,2026-07-13
Intropic,1,2026-07-13
Solva,1,2026-07-13
Consolidated Edison,1,2026-07-13
Vendelux,1,2026-07-13
Air Liquide,1,2026-07-13
Leggett & Platt,1,2026-07-13
Elicit,1,2026-07-13
Crest Industries,1,2026-07-13
Schroders,1,2026-07-13
Allium,1,2026-07-13
UT Southwestern Medical Center,1,2026-07-13
Ginkgo Bioworks,1,2026-07-13
Equifax,1,2026-07-13
Wheely,1,2026-07-13
MerQube,1,2026-07-13
W.R. Berkley,1,2026-07-13
Sila Nanotechnologies,1,2026-07-13
Avathon,1,2026-07-13
Medical Informatics Engineering,1,2026-07-13
Drivetrain,1,2026-07-13
Dryft,1,2026-07-13
Auctor,1,2026-07-13
Prior Labs,1,2026-07-13
Midmark,1,2026-07-13
University of Texas - Austin,1,2026-07-13
Faculty AI,1,2026-07-13
Eloquent AI,1,2026-07-13
Savannah River National Laboratory,1,2026-07-13
Root Access,1,2026-07-13
Grant Thornton,1,2026-07-13
Physical Intelligence,1,2026-07-13
3S Business Corporation,1,2026-07-13
BlinqLABS,1,2026-07-13
Barkback,1,2026-07-13
Codeage,1,2026-07-13
Huxley,1,2026-07-13
Etched,1,2026-07-13
LAXIR,1,2026-07-13
University of Wyoming,1,2026-07-13
HCompany,1,2026-07-13
Multiply Labs,1,2026-07-13
Brookfield,1,2026-07-13
Samaya,1,2026-07-13
Sajix,1,2026-07-13
AXQ Capital,1,2026-07-13
Fundwell,1,2026-07-13
Phia,1,2026-07-13
Commonwealth of Massachusetts,1,2026-07-13
PennState University,1,2026-07-13
Skydio,1,2026-07-13
Brevian,1,2026-07-13
Nio,1,2026-07-13
Creatify Lab,1,2026-07-13
Taara,1,2026-07-13
Sundt,1,2026-07-13
Vertex Pharmaceuticals,1,2026-07-13
Tilde Research,1,2026-07-13
Tower Research Capital,1,2026-07-13
Monolithic Power Systems,1,2026-07-13
Internship,1,2026-07-13
KION Group,1,2026-07-13
Armada,1,2026-07-13
Zoox,1,2026-07-13
Occidental Petroleum Corporation (Oxy),1,2026-07-13
Smiths Detection,1,2026-07-13
Notability,1,2026-07-13
Foundation,1,2026-07-13
K1,1,2026-07-13
University System of New Hampshire,1,2026-07-13
Arlo,1,2026-07-13
Digs,1,2026-07-13
CalAmp,1,2026-07-13
Geneva Trading,1,2026-07-13
Varda Space,1,2026-07-13
Alertus Technologies,1,2026-07-13
SCOR,1,2026-07-13
Hippocratic AI,1,2026-07-13
OpenAI,1,2026-07-13
NICE,1,2026-07-13
Eulerity,1,2026-07-13
Ellipsis Labs,1,2026-07-13
VaynerMedia,1,2026-07-13
Gimlet Labs,1,2026-07-13
Instawork,1,2026-07-13
Roku,1,2026-07-13
Zip,1,2026-07-13
10a Labs,1,2026-07-13
Doctors Without Borders,1,2026-07-13
Snyk,1,2026-07-13
Comtech,1,2026-07-13
WindBorne Systems,1,2026-07-13
HEXAWARE,1,2026-07-13
SoloPulse,1,2026-07-13
Interdigital,1,2026-07-13
Ramp,1,2026-07-13
Veeva,1,2026-07-13
Omnis,1,2026-07-13
Impulse Space,1,2026-07-13
Rackner,1,2026-07-13
Verkada,1,2026-07-13
Notion,1,2026-07-13
Cloudforce,1,2026-07-13
EarnIn,1,2026-07-13
Ekimetrics,1,2026-07-13
Tradeweb,1,2026-07-13
Workato,1,2026-07-13
WeRide,1,2026-07-13
Sandhills Global,1,2026-07-13
Output Biosciences,1,2026-07-13
Cotiviti,1,2026-07-13
Wash U,1,2026-07-13
Kognitos,1,2026-07-13
Lennox International,1,2026-07-13
Context,1,2026-07-13
Arch Capital Group,1,2026-07-13
Haize Labs,1,2026-07-13
X Development,1,2026-07-13
Pinterest,1,2026-07-13
Blockhouse,1,2026-07-13
RoboForce,1,2026-07-13
Regal Rexnord,1,2026-07-13
ASM International,1,2026-07-13
Axway,1,2026-07-13
JINGDONG,1,2026-07-13
Hello Fresh,1,2026-07-13
TIFIN,1,2026-07-13
AI Fund,1,2026-07-13
Flagship Pioneering,1,2026-07-13
Netflix,1,2026-07-13
Integra FEC,1,2026-07-13
Gelber Group,1,2026-07-13
d-Matrix,1,2026-07-13
DoorDash,1,2026-07-13
Axiomatic AI,1,2026-07-13
Rainmaker,1,2026-07-13
TMEIC,1,2026-07-13
Inizio,1,2026-07-13
Stripe,1,2026-07-13
Gemini,1,2026-07-13
Stoke Space,1,2026-07-13
XPENG Motors,1,2026-07-13
Verisk,1,2026-07-13
Magnet Forensics,1,2026-07-13
Cole Engineering Services,1,2026-07-13
Advanced Energy,1,2026-07-13
MongoDB,1,2026-07-13
True Manufacturing,1,2026-07-13
Eluvio,1,2026-07-13
Apex,1,2026-07-13
SOTI,1,2026-07-13
Heron Power,1,2026-07-13
Falcomm,1,2026-07-13
By Light Professional IT Services,1,2026-07-13
Quadric,1,2026-07-13
Astera,1,2026-07-13
Facility Solutions Group,1,2026-07-13
ATCO,1,2026-07-13
GenScript,1,2026-07-13
Interstates,1,2026-07-13
Paccar,1,2026-07-13
Ensemble Health Partners,1,2026-07-13
Menasha Corporation,1,2026-07-13
Podium,1,2026-07-13
Nash,1,2026-07-13
Melotech,1,2026-07-13
Nuclear Promise X,1,2026-07-13
Symbotic,1,2026-07-13
Lila Sciences,1,2026-07-13
PlusAI,1,2026-07-13
SandboxAQ,1,2026-07-13
Wealth.com,1,2026-07-13
LiveRamp,1,2026-07-13
Nissan Global,1,2026-07-13
Great Question,1,2026-07-13
Double Eleven,1,2026-07-13
EV Realty,1,2026-07-13
Persistent Systems,1,2026-07-13
MAG Aerospace,1,2026-07-13
Southern Company,1,2026-07-13
Kinaxis,1,2026-07-13
Technergetics,1,2026-07-13
American Enterprise Institute,1,2026-07-13
Grow Financial Federal Credit Union,1,2026-07-13
Medpace,1,2026-07-13
Syntax,1,2026-07-13
AQR Capital Management,1,2026-07-13
Anterior,1,2026-07-13
MaintainX,1,2026-07-13
Zone 5 Technologies,1,2026-07-13
Alteryx,1,2026-07-13
ASSA ABLOY,1,2026-07-13
60decibelsinc,1,2026-07-13
GE Appliances,1,2026-07-13
Replit,1,2026-07-13
Agilent Technologies,1,2026-07-13
Boys Town,1,2026-07-13
Skyscanner,1,2026-07-13
American University,1,2026-07-13
SDSU Research Foundation,1,2026-07-13
Apera AI,1,2026-07-13
GenBio AI,1,2026-07-13
Sherwin-Williams,1,2026-07-13
Clerkie,1,2026-07-13
Daktronics,1,2026-07-13
Fluxergy,1,2026-07-13
Lawrence Livermore National Laboratory (LLNL),1,2026-07-13
EUNA Solutions,1,2026-07-13
PsiQuantum,1,2026-07-13
TransMarket Group,1,2026-07-13
QuEra Computing,1,2026-07-13
Zipline,1,2026-07-13
Instead,1,2026-07-13
Sunwater Capital,1,2026-07-13
BillionToOne,1,2026-07-13
Altom Transport,1,2026-07-13
Nightwing Intelligence Solutions,1,2026-07-13
Interact Software,1,2026-07-13
Al Warren Oil Company,1,2026-07-13
Gensyn,1,2026-07-13
thyssenkrupp,1,2026-07-13
Ancestry,1,2026-07-13
PathAI,1,2026-07-13
Clarity Innovations,1,2026-07-13
Smith+Nephew,1,2026-07-13
CHEP,1,2026-07-13
Solink,1,2026-07-13
BC Pensions,1,2026-07-13
Eight Sleep,1,2026-07-13
Seaspan,1,2026-07-13
VSC Fire & Security,1,2026-07-13
Four Hands,1,2026-07-13
Bank of America,1,2026-07-13
iSpot.tv,1,2026-07-13
Picarro,1,2026-07-13
TribalScale,1,2026-07-13
Centerfield,1,2026-07-13
Mach Industries,1,2026-07-13
1Password,1,2026-07-13
EXL,1,2026-07-13
SHEIN,1,2026-07-13
Evolver,1,2026-07-13
Brent Council,1,2026-07-13
Lightmatter,1,2026-07-13
MarketAxess,1,2026-07-13
Pebl,1,2026-07-13
AMAROK Security,1,2026-07-13
Memphis Meats,1,2026-07-13
Dexterra Group,1,2026-07-13
Delta Dental,1,2026-07-13
Mach9,1,2026-07-13
NEC Software Solutions,1,2026-07-13
Kepler Communications,1,2026-07-13
Solar Turbines,1,2026-07-13
Together AI,1,2026-07-13
Arine,1,2026-07-13
OfferUp,1,2026-07-13
Harbinger Motors,1,2026-07-13
NatWest Group,1,2026-07-13
KPH Healthcare Services,1,2026-07-13
Mercer University,1,2026-07-13
Fife Council,1,2026-07-13
MFS,1,2026-07-13
Lucid Motors,1,2026-07-13
Pennsylvania State University,1,2026-07-13
Howard University,1,2026-07-13
Astronomer,1,2026-07-13
Synchrony Financial,1,2026-07-13
Periodic Labs,1,2026-07-13
Cubic,1,2026-07-13
Bank of Montreal,1,2026-07-13
Viking Global,1,2026-07-13
Adaption Labs,1,2026-07-13
Flagright,1,2026-07-13
HARMAN International,1,2026-07-13
Sony,1,2026-07-13
Trexon,1,2026-07-13
Navaide,1,2026-07-13
Consensus Cloud Solutions,1,2026-07-13
Veracyte,1,2026-07-13
Crowdstrike,1,2026-07-13
Beyondsoft,1,2026-07-13
Norfolk Southern,1,2026-07-13
iHerb,1,2026-07-13
NielsenIQ,1,2026-07-13
Boston Properties,1,2026-07-13
Bugcrowd,1,2026-07-13
TDS,1,2026-07-13
Continental,1,2026-07-13
Gen Digital,1,2026-07-13
Munters,1,2026-07-13
Oklahoma State Government,1,2026-07-13
EOS IT Solutions,1,2026-07-13
University Health Network,1,2026-07-13
ACI Worldwide,1,2026-07-13
PricewaterhouseCoopers (PwC),1,2026-07-13
McGill University,1,2026-07-13
ConnectPrep,1,2026-07-13
Nuro,1,2026-07-13
Interac,1,2026-07-13
Simple Technology Solutions,1,2026-07-13
Vanasse Hangen Brustlin (VHB),1,2026-07-13
AirCapture,1,2026-07-13
Carnegie Mellon University,1,2026-07-13
Niural,1,2026-07-13
Muru,1,2026-07-13
SimonComputing,1,2026-07-13
MyEmployment,1,2026-07-13
Blackberry,1,2026-07-13
NXP Semiconductors,1,2026-07-13
GXO Logistics,1,2026-07-13
Baxter International,1,2026-07-13
Mindsmith,1,2026-07-13
VetsEZ,1,2026-07-13
HARMAN,1,2026-07-13
Markem-Imaje,1,2026-07-13
Delta Air Lines,1,2026-07-13
Later,1,2026-07-13
pony.ai,1,2026-07-13
Hiverge,1,2026-07-13
Lunon,1,2026-07-13
Apogee Engineering,1,2026-07-13
Phamily,1,2026-07-13
BCBST,1,2026-07-13
D3,1,2026-07-13
Whoop,1,2026-07-13
Steel Point Solutions,1,2026-07-13
Continue,1,2026-07-13
McDonald's,1,2026-07-13
EBSCO,1,2026-07-13
Warp,1,2026-07-13
BryceTech,1,2026-07-13
WebFX,1,2026-07-13
METECS,1,2026-07-13
AVEVA,1,2026-07-13
Gotion,1,2026-07-13
CoreWeave,1,2026-07-13
Red Ventures,1,2026-07-13
Verition Fund Management,1,2026-07-13
ALTEN Technology,1,2026-07-13
Zoom,1,2026-07-13
Parallel Wireless,1,2026-07-13
AppLovin,1,2026-07-13
Optimum,1,2026-07-13
Citizen Health,1,2026-07-13
Space Dynamics Laboratory,1,2026-07-13
Malvern Panalytical,1,2026-07-13
The Allen Institute for AI,1,2026-07-13
TrueBuilt,1,2026-07-13
Uare.ai,1,2026-07-13
Astemo,1,2026-07-13
Turntide,1,2026-07-13
Affirm,1,2026-07-13
Commerce Architects,1,2026-07-13
Lever,1,2026-07-13
PredictX,1,2026-07-13
Magical,1,2026-07-13
AspenTech,1,2026-07-13
Hudson River Trading,1,2026-07-13
D2L,1,2026-07-13
Baselayer,1,2026-07-13
Boeing,1,2026-07-13
Disney,1,2026-07-13
Public Storage,1,2026-07-13
Harmonia,1,2026-07-13
SciTec,1,2026-07-13
Lightfield,1,2026-07-13
Sentra,1,2026-07-13
Anything,1,2026-07-13
Blue Yonder,1,2026-07-13
Oklo,1,2026-07-13
Warner Bros.,1,2026-07-13
Susquehanna,1,2026-07-13
Radian,1,2026-07-13
Five Rings Capital,1,2026-07-13
Mechanical Orchard,1,2026-07-13
Axis Automation,1,2026-07-13
Marshall Wace,1,2026-07-13
Prolific,1,2026-07-13
Baseten,1,2026-07-13
Infleqtion,1,2026-07-13
MrBeast,1,2026-07-13
Lifepoint Health,1,2026-07-13
Ocean Optics,1,2026-07-13
Brain Co.,1,2026-07-13
Ensign-Bickford Aerospace & Defense Company,1,2026-07-13
Jahnel Group,1,2026-07-13
Boyd,1,2026-07-13
Perpay,1,2026-07-13
Stifel,1,2026-07-13
CaptiveAire Systems,1,2026-07-13
Carvana,1,2026-07-13
Dun & Bradstreet,1,2026-07-13
Parallel Web Systems,1,2026-07-13
Nymbus,1,2026-07-13
Finning,1,2026-07-13
8VC,1,2026-07-13
G-Research,1,2026-07-13
TRIC Robotics,1,2026-07-13
ElevenLabs,1,2026-07-13
Wintermute,1,2026-07-13
Artefact,1,2026-07-13
Snap,1,2026-07-13
Heart Aerospace,1,2026-07-13
Dyna Robotics,1,2026-07-13
Fuse Energy,1,2026-07-13
Texas Capital Bank,1,2026-07-13
Airtable,1,2026-07-13
One Brief,1,2026-07-13
Mudflap,1,2026-07-13
Neon Health,1,2026-07-13
WSP,1,2026-07-13
Visa,1,2026-07-13
Astro Mechanica,1,2026-07-13
RELEX Solutions,1,2026-07-13
Pure Storage,1,2026-07-13
ASSYSTEM,1,2026-07-13
Baton Corporation,1,2026-07-13
Consultadd Public Services,1,2026-07-13
City and County of San Francisco,1,2026-07-13
Insilico Logix,1,2026-07-13
North Star Staffing Solutions,1,2026-07-13
Procom,1,2026-07-13
Pioneer Data Systems,1,2026-07-13
Proximate Technologies,1,2026-07-13
Ascot,1,2026-07-13
Software Quality Experts,1,2026-07-13
Merative,1,2026-07-13
CesiumAstro,1,2026-07-13
West Virginia University,1,2026-07-13
Socket,1,2026-07-13
Absurd,1,2026-07-13
Quantix SCS,1,2026-07-13
Deliveroo,1,2026-07-13
Scout AI,1,2026-07-13
Cantina,1,2026-07-13
Horizon Technologies,1,2026-07-13
Verse Medical,1,2026-07-13
SpryPoint,1,2026-07-13
Tangram Interiors,1,2026-07-13
Titan,1,2026-07-13
Integral Federal,1,2026-07-13
AAR,1,2026-07-13
Schmidt Sciences,1,2026-07-13
MORSE Corp,1,2026-07-13
Maven Securities,1,2026-07-13
Secureframe,1,2026-07-13
SentiLink,1,2026-07-13
LG Ad Solutions,1,2026-07-13
BRINC Drones,1,2026-07-13
Hyve Solutions,1,2026-07-13
Aurora Innovation,1,2026-07-13
PingWind,1,2026-07-13
Orb,1,2026-07-13
Williams-Sonoma,1,2026-07-13
Ivo,1,2026-07-13
Cascade Asset Management Company,1,2026-07-13
Old Mission,1,2026-07-13
Numeral,1,2026-07-13
Blue Cross Blue Shield of Michigan,1,2026-07-13
Uber,1,2026-07-13
Northslope Technologies,1,2026-07-13
Zello,1,2026-07-13
Internet Brands,1,2026-07-13
Matic,1,2026-07-13
First National Bank,1,2026-07-13
Western & Southern Financial Group,1,2026-07-13
Xylem,1,2026-07-13
Shepherd,1,2026-07-13
Global Lending Services,1,2026-07-13
CGS Federal (Contact Government Services),1,2026-07-13
Heraeus Group,1,2026-07-13
Life Fitness,1,2026-07-13
Kitware,1,2026-07-13
Pattern Data,1,2026-07-13
Brevium,1,2026-07-13
Redwood Materials,1,2026-07-13
Twilio,1,2026-07-13
Praetorian,1,2026-07-13
PlayStation,1,2026-07-13
SourceDirect Talent,1,2026-07-13
Sensiple,1,2026-07-13
Acumen Solutions,1,2026-07-13
Idealforce,1,2026-07-13
Beta Soft Systems,1,2026-07-13
Myriad Genetics,1,2026-07-13
Absolute Facility Solutions,1,2026-07-13
EROS Technologies,1,2026-07-13
Deegit,1,2026-07-13
Accel Learning,1,2026-07-13
Cetera Financial Group,1,2026-07-13
CoServe Global Solutions,1,2026-07-13
HSSSoft,1,2026-07-13
Aviatrix,1,2026-07-13
Agoda,1,2026-07-13
Rice University,1,2026-07-13
FlexAI,1,2026-07-13
Muon Space,1,2026-07-13
Brain Corp,1,2026-07-13
Observable Space,1,2026-07-13
University of Chicago,1,2026-07-13
RaceTrac,1,2026-07-13
Robert Half,1,2026-07-13
Simulmedia,1,2026-07-13
LetsGetChecked,1,2026-07-13
dv01,1,2026-07-13
Enludio,1,2026-07-13
hhaexchange,1,2026-07-13
Zettabyte,1,2026-07-13
Shield AI,1,2026-07-13
Foxglove,1,2026-07-13
Tracer Cloud,1,2026-07-13
Datalab USA,1,2026-07-13
Realm,1,2026-07-13
Edgestream,1,2026-07-13
MARGO,1,2026-07-13
First Quantum Minerals,1,2026-07-13
Akuna Capital University,1,2026-07-13
Liquid,1,2026-07-13
Celonis,1,2026-07-13
Rokt,1,2026-07-13
WPP,1,2026-07-13
Cisive,1,2026-07-13
GCI,1,2026-07-13
Genmo,1,2026-07-13
Two Dots,1,2026-07-13
Moss,1,2026-07-13
Elevations Credit Union,1,2026-07-13
Johnson & Johnson,1,2026-07-13
Electronic Arts,1,2026-07-13
F. Schumacher & Co.,1,2026-07-13
Wonderschool,1,2026-07-13
Northwood Space,1,2026-07-13
HighRadius,1,2026-07-13
xAI,1,2026-07-13
Mirage,1,2026-07-13
Priceline,1,2026-07-13
SeatGeek,1,2026-07-13
Autodesk,1,2026-07-13
Personalis,1,2026-07-13
Semtech,1,2026-07-13
Gallup,1,2026-07-13
Depop,1,2026-07-13
National Information Solutions Cooperative (NISC),1,2026-07-13
Figma,1,2026-07-13
Wellington Management,1,2026-07-13
Slate Auto,1,2026-07-13
Cogent Security,1,2026-07-13
Blue Sky Innovators,1,2026-07-13
LiveFlow,1,2026-07-13
Take Two,1,2026-07-13
City of Philadelphia,1,2026-07-13
CLEAR,1,2026-07-13
Rocket Companies,1,2026-07-13
Oscar Health,1,2026-07-13
Icon,1,2026-07-13
Fullbay,1,2026-07-13
Synergy ECP,1,2026-07-13
Genentech,1,2026-07-13
Zurn Elkay Water Solutions,1,2026-07-13
Udig,1,2026-07-13
Ernst & Young,1,2026-07-13
PrizePicks,1,2026-07-13
State Affairs,1,2026-07-13
NinjaOne,1,2026-07-13
Caesars Entertainment,1,2026-07-13
Yext,1,2026-07-13
Omni Design Technologies,1,2026-07-13
Boston Scientific,1,2026-07-13
Invisible Technologies,1,2026-07-13
Planet,1,2026-07-13
ShyftLabs,1,2026-07-13
ClimateAI,1,2026-07-13
Sonepar,1,2026-07-13
Slice (slicelife.com),1,2026-07-13
IEM,1,2026-07-13
DMI,1,2026-07-13
Trinity Park Talent,1,2026-07-13
Makai Labs,1,2026-07-13
Environmental Defense Fund,1,2026-07-13
Blackhawk Network Holdings,1,2026-07-13
TRM Labs,1,2026-07-13
Addepar,1,2026-07-13
Coherent,1,2026-07-13
Trumid,1,2026-07-13
Topsort,1,2026-07-13
Scott Logic,1,2026-07-13
Julius AI,1,2026-07-13
Eastern Research Group,1,2026-07-13
Underdog Fantasy,1,2026-07-13
Appian,1,2026-07-13
LexisNexis Legal & Professional,1,2026-07-13
Salvo Health,1,2026-07-13
loveholidays,1,2026-07-13
Egis Group,1,2026-07-13
Sony Interactive Entertainment,1,2026-07-13
Aevex Aerospace,1,2026-07-13
Woven,1,2026-07-13
ExxonMobil,1,2026-07-13
Mohawk,1,2026-07-13
Wilson Elser,1,2026-07-13
Memorial Sloan Kettering Cancer Center,1,2026-07-13
RXO,1,2026-07-13
TSMG,1,2026-07-13
Kenco Management Services,1,2026-07-13
Hamilton Lane,1,2026-07-13
Armstrong World Industries,1,2026-07-13
Hive,1,2026-07-13
McKesson,1,2026-07-13
Metron,1,2026-07-13
University of Maryland - College Park,1,2026-07-13
Iambic Therapeutics,1,2026-07-13
Duke University,1,2026-07-13
Hologic,1,2026-07-13
May Mobility,1,2026-07-13
Elekta,1,2026-07-13
Brown University Health,1,2026-07-13
Sigma Computing,1,2026-07-13
Standard Aero,1,2026-07-13
University of Rochester,1,2026-07-13
United Talent Agency,1,2026-07-13
Triumph,1,2026-07-13
Red Hat,1,2026-07-13
Halifax Health,1,2026-07-13
Société Générale de Surveillance (SGS),1,2026-07-13
T-Rex Solutions,1,2026-07-13
Steel Dynamics,1,2026-07-13
Adventist Health,1,2026-07-13
DebtBook,1,2026-07-13
Wabtec,1,2026-07-13
AllianceBernstein,1,2026-07-13
Signify,1,2026-07-13
Netcompany,1,2026-07-13
Kroll,1,2026-07-13
Celigo,1,2026-07-13
Threatlocker,1,2026-07-13
Sony Pictures Imageworks,1,2026-07-13
Kroll Bond Rating Agency,1,2026-07-13
Q2,1,2026-07-13
Blue Cross of Idaho,1,2026-07-13
Integer Holdings Corporation,1,2026-07-13
HRL Laboratories,1,2026-07-13
Light & Wonder,1,2026-07-13
Liberis,1,2026-07-13
Moog,1,2026-07-13
Enterprise Bank & Trust,1,2026-07-13
NV5 Global,1,2026-07-13
Gynger,1,2026-07-13
Nestle,1,2026-07-13
Proconex,1,2026-07-13
Andrew Morgan,1,2026-07-13
Hanger,1,2026-07-13
EquipmentShare,1,2026-07-13
candidate fyi,1,2026-07-13
Relativity Space,1,2026-07-13
Hankook Tire America,1,2026-07-13
Acuren,1,2026-07-13
InterSystems,1,2026-07-13
IXL Learning,1,2026-07-13
Polymarket,1,2026-07-13
Secretariat,1,2026-07-13
PJM,1,2026-07-13
Civitech,1,2026-07-13
Harris Williams,1,2026-07-13
Epic Kids,1,2026-07-13
Sysmex,1,2026-07-13
Robinhood,1,2026-07-13
Wing Assistant,1,2026-07-13
Wellmark,1,2026-07-13
UTHealth Houston,1,2026-07-13
Kimley-Horn,1,2026-07-13
Nozomi Networks,1,2026-07-13
Adelphi Real World,1,2026-07-13
LG Electronics,1,2026-07-13
Omnicom Health,1,2026-07-13
Visionist,1,2026-07-13
WGU,1,2026-07-13
Mercury Insurance,1,2026-07-13
Iridium Communications,1,2026-07-13
Metalcraft of Mayville,1,2026-07-13
NexHealth,1,2026-07-13
Concept Plus,1,2026-07-13
Bot Auto,1,2026-07-13
Greenheck Group,1,2026-07-13
VITAS Healthcare,1,2026-07-13
SCAN,1,2026-07-13
Morgan Stanley,1,2026-07-13
Flutter,1,2026-07-13
Simbe Robotics,1,2026-07-13
Smithfield Foods,1,2026-07-13
Strala Group,1,2026-07-13
TTP,1,2026-07-13
Texas Water Development Board,1,2026-07-13
Pigment,1,2026-07-13
QinetiQ,1,2026-07-13
Flex,1,2026-07-13
Relay,1,2026-07-13
Winsupply,1,2026-07-13
Markon,1,2026-07-13
Origis Energy,1,2026-07-13
The Coca-Cola Company,1,2026-07-13
KeyBank,1,2026-07-13
Flashpoint,1,2026-07-13
DataVisor,1,2026-07-13
Anaplan,1,2026-07-13
Public Service Enterprise Group,1,2026-07-13
Eliyan,1,2026-07-13
Huntington Ingalls Industries,1,2026-07-13
908 Devices,1,2026-07-13
Gulfstream,1,2026-07-13
University of Maine System,1,2026-07-13
UW Health,1,2026-07-13
Dutch,1,2026-07-13
Fuze Health,1,2026-07-13
Authorium,1,2026-07-13
KLA Corporation,1,2026-07-13
Further,1,2026-07-13
National Basketball Association,1,2026-07-13
Summit Partners,1,2026-07-13
VEGA Americas,1,2026-07-13
Connection,1,2026-07-13
Aptiv,1,2026-07-13
Truist Bank,1,2026-07-13
MiTek,1,2026-07-13
Peregrine,1,2026-07-13
Slingshot AI,1,2026-07-13
Amgen,1,2026-07-13
Harbor,1,2026-07-13
Fashion Nova,1,2026-07-13
Manhattan District Attorney's Office,1,2026-07-13
Lithia Motors,1,2026-07-13
iboss,1,2026-07-13
TickPick,1,2026-07-13
FinQuery,1,2026-07-13
Integration Innovation (i3),1,2026-07-13
Capricor Therapeutics,1,2026-07-13
Encord,1,2026-07-13
Epiroc,1,2026-07-13
ADT,1,2026-07-13
Glide,1,2026-07-13
UHIN,1,2026-07-13
Talos,1,2026-07-13
Probook,1,2026-07-13
Stanley Black & Decker,1,2026-07-13
AlphaSights,1,2026-07-13
Iron Mountain,1,2026-07-13
Lincoln Financial,1,2026-07-13
General Dynamics,1,2026-07-13
Subaru,1,2026-07-13
Citi,1,2026-07-13
Atlas Energy Solutions,1,2026-07-13
Torch Technologies,1,2026-07-13
Nextdoor,1,2026-07-13
Inversion Space,1,2026-07-13
MKS Instruments,1,2026-07-13
Shaw Industries Group,1,2026-07-13
DraftKings,1,2026-07-13
Schweitzer Engineering Laboratories,1,2026-07-13
Nidec,1,2026-07-13
PA Consulting,1,2026-07-13
hyperexponential,1,2026-07-13
Withum,1,2026-07-13
Computershare,1,2026-07-13
Intuit,1,2026-07-13
People Culture Talent,1,2026-07-13
Northside Hospital,1,2026-07-13
BrightAI,1,2026-07-13
Pfizer,1,2026-07-13
Voxel,1,2026-07-13
AdvancedMD,1,2026-07-13
Oregon State Government,1,2026-07-13
Chan Zuckerberg Initiative,1,2026-07-13
Stewart,1,2026-07-13
Jamf,1,2026-07-13
Seagate Technology,1,2026-07-13
Raymond James Financial,1,2026-07-13
Chickasaw Nation Industries,1,2026-07-13
SewerAI,1,2026-07-13
Criteo,1,2026-07-13
David Yurman,1,2026-07-13
Varian,1,2026-07-13
Citizens Financial Group,1,2026-07-13
Skild AI,1,2026-07-13
Advance Auto Parts,1,2026-07-13
Cleveland Clinic,1,2026-07-13
Auto-Owners Insurance,1,2026-07-13
Adswerve,1,2026-07-13
SWBC,1,2026-07-13
Arc'teryx Equipment,1,2026-07-13
DaVita,1,2026-07-13
Bristol Myers Squibb,1,2026-07-13
TELUS,1,2026-07-13
American Institutes for Research,1,2026-07-13
iTradeNetwork,1,2026-07-13
Hy-Vee,1,2026-07-13
Tyler Technologies,1,2026-07-13
Ritchie Bros.,1,2026-07-13
Collective,1,2026-07-13
Tauck,1,2026-07-13
AArete,1,2026-07-13
Crumbl,1,2026-07-13
Laserfiche,1,2026-07-13
Mintlify,1,2026-07-13
Data Intellect,1,2026-07-13
Silna Health,1,2026-07-13
Amentum,1,2026-07-13
Buyers Edge Platform,1,2026-07-13
Dominion Energy,1,2026-07-13
CAE,1,2026-07-13
Scientific Research Corporation,1,2026-07-13
TD Bank,1,2026-07-13
Aramark,1,2026-07-13
Newell Brands,1,2026-07-13
Hewlett Packard (HP),1,2026-07-13
Serve Robotics,1,2026-07-13
Medtronic,1,2026-07-13
Cantor Fitzgerald,1,2026-07-13
MedImpact,1,2026-07-13
Kaiser Permanente,1,2026-07-13
Alation,1,2026-07-13
Orb Aerospace,1,2026-07-13
Howden,1,2026-07-13
Klaviyo,1,2026-07-13
Lexical Intelligence,1,2026-07-13
Clinical Architecture,1,2026-07-13
Worcester Polytechnic Institute,1,2026-07-13
Eudia,1,2026-07-13
Horizon Surgical Systems,1,2026-07-13
Prizeout,1,2026-07-13
Toyota,1,2026-07-13
Nutanix,1,2026-07-13
AbbVie,1,2026-07-13
Super Micro Computer,1,2026-07-13
Hadrian,1,2026-07-13
The Home Depot,1,2026-07-13
Ping Identity,1,2026-07-13
Everfox,1,2026-07-13
Mondelez International,1,2026-07-13
Trustpilot,1,2026-07-13
State Street,1,2026-07-13
Aditude,1,2026-07-13
Townsquare Media,1,2026-07-13
Euronext,1,2026-07-13
PIMCO,1,2026-07-13
Idexcel,1,2026-07-13
CSX,1,2026-07-13
Mendix,1,2026-07-13
Granite Construction,1,2026-07-13
Mars,1,2026-07-13
Pallet,1,2026-07-13
Silicon Laboratories,1,2026-07-13
Southwest Airlines,1,2026-07-13
Legit Script,1,2026-07-13
Texas A&M University System,1,2026-07-13
Broadview Federal Credit Union,1,2026-07-13
Cardinal Health,1,2026-07-13
Draper,1,2026-07-13
Castleton Commodities International,1,2026-07-13
Quince,1,2026-07-13
dunnhumby,1,2026-07-13
Radiance Technologies,1,2026-07-13
The Aerospace Corporation,1,2026-07-13
Eataly,1,2026-07-13
Merck,1,2026-07-13
Pearl Health,1,2026-07-13
Argonne National Laboratory,1,2026-07-13
Best Buy,1,2026-07-13
Beacon AI,1,2026-07-13
Conagra Brands,1,2026-07-13
Empower,1,2026-07-13
Likewize,1,2026-07-13
Ameresco,1,2026-07-13
United Franchise Group,1,2026-07-13
SS&C,1,2026-07-13
3M,1,2026-07-13
Exponent,1,2026-07-13
The Federal Reserve System,1,2026-07-13
Sev1Tech,1,2026-07-13
Klarity,1,2026-07-13
UBS,1,2026-07-13
Legrand North America,1,2026-07-13
Zurich Insurance,1,2026-07-13
Great American Insurance Company,1,2026-07-13
Sentry Insurance,1,2026-07-13
Strata Decision Technology,1,2026-07-13
Abound,1,2026-07-13
Shift,1,2026-07-13
"S.A. Engineering College (SAEC), Chennai",1,2026-07-13
TechBairn Research,1,2026-07-13
"Indian Institute of Management (IIM), Bangalore",1,2026-07-13
Cloud Counselage,1,2026-07-13
Detoxyfi,1,2026-07-13
Build in AI for India,1,2026-07-13
Outreachy,1,2026-07-13
MLH,1,2026-07-13
Linux Foundation,1,2026-07-13
Book My Mentor,1,2026-07-13
"Indian Institute of Technology, Indian School of Mines (IIT ISM), Dhanbad",1,2026-07-13
11 FPS,1,2026-07-13
TechBairn,1,2026-07-13
"Maharaja Agrasen Institute of Technology (MAIT), New Delhi",1,2026-07-13
Nexus,1,2026-07-13
Quizarc,1,2026-07-13
Kiras Logic,1,2026-07-13
IBS Business School Ahmedabad,1,2026-07-13
Hindu College,1,2026-07-13
Internselite Edutech Private Limited,1,2026-07-13
Raghu EngineeringbCollege,1,2026-07-13
Scripthonix Solutions,1,2026-07-13
OutThinkX,1,2026-07-13
"Indian Institute of Technology (IIT), Roorkee",1,2026-07-13
Indiastox,1,2026-07-13
"Indian Institute of Technology (IIT), Gandhinagar",1,2026-07-13
"Veer Surendra Sai University of Technology (VSSUT), Odisha",1,2026-07-13
"Manipal University (MU), Jaipur",1,2026-07-13
Conquer E Learning,1,2026-07-13
"Indian Institute of Management (IIM), Indore",1,2026-07-13
YAI Infraventure,1,2026-07-13
"Hansraj College,University of Delhi",1,2026-07-13
"Sreenidhi Institute Of Science And Technology (SNIST), Hyderabad",1,2026-07-13
Workpunkt,1,2026-07-13
Rise8,1,2026-07-13
Elanco,1,2026-07-13
Sedgwick Claims Management Services,1,2026-07-13
Point C,1,2026-07-13
Binance,1,2026-07-13
Outmarket AI,1,2026-07-13
Sardine,1,2026-07-13
Wex,1,2026-07-13
Guidewire,1,2026-07-13
JD Finish line,1,2026-07-13
Trend Health Partners,1,2026-07-13
Aledade,1,2026-07-13
Babel Street,1,2026-07-13
Vidya Jyothi Institute of Technology,1,2026-07-13
"GLA University (GLAU), Uttar Pradesh",1,2026-07-13
"Indian Institute of Technology (IIT), Dharwad",1,2026-07-13
Censys,1,2026-07-13
Beacon Indica,1,2026-07-13
Indraprastha Institute of Information Technology Delhi,1,2026-07-13
"IEEE Student Branch, Graphic Era Hill University",1,2026-07-13
Nerida Group,1,2026-07-13
"T. A. Pai Management Institute (TAPMI), Manipal",1,2026-07-13
"Indian Institute of Technology (IIT), Guwahati",1,2026-07-13
"Indian Institute of Management (IIM), Calcutta",1,2026-07-13
PepsiCo,1,2026-07-13
H.R. College of Commerce and Economics,1,2026-07-13
Fujifilm,1,2026-07-13
Sophos,1,2026-07-13
"Maulana Azad National Institute of Technology (MANIT), Bhopal",1,2026-07-13
SheBuilds,1,2026-07-13
Cfeready.com,1,2026-07-13
Paper Buddy,1,2026-07-13
OpenSesame,1,2026-07-13
Avia Health,1,2026-07-13
Airbnb,1,2026-07-13
Skillumni,1,2026-07-13
Frontend Arena,1,2026-07-13
"Symbiosis Centre for Management Studies (SCMS), Pune",1,2026-07-13
"Anna University (AU), Chennai",1,2026-07-13
"Institute of Management Studies (IMS) MGKVP, Varanasi",1,2026-07-13
"Indian Institute of Technology (IIT), Indore",1,2026-07-13
"SNS College of Nursing, Coimbatore, Tamil Nadu",1,2026-07-13
Adore India,1,2026-07-13
"Baba Farid College of Engineering and Technology (BFCET), Bathinda",1,2026-07-13
CampusCrew,1,2026-07-13
Netclan Inc,1,2026-07-13
Asian Paints,1,2026-07-13
Two Six Technologies,1,2026-07-13
Centific,1,2026-07-13
Cision,1,2026-07-13
Natera,1,2026-07-13
"CMR College of Engineering and Technology (CMRCET), Hyderabad",1,2026-07-13
"R.V. College of Engineering (RVCE), Bangalore",1,2026-07-13
TechVerse Solutions,1,2026-07-13
Hacklabify,1,2026-07-13
Mr Semester LLP,1,2026-07-13
NXTGENSEC,1,2026-07-13
CipherSchools,1,2026-07-13
University of Calcutta,1,2026-07-13
Bleep Education,1,2026-07-13
"Kalinga University, Raipur",1,2026-07-13
"BMS Institute of Technology and Management (BMSITM), Bangalore",1,2026-07-13
"SRM Institute of Science and Technology (SRMIST), Kattankulathur, Chennai",1,2026-07-13
"SAGE University (SAGEU), Indore, Madhya Pradesh",1,2026-07-13
Cerence,1,2026-07-13
"Kongu Engineering College (KEC), Erode",1,2026-07-13
"Madhav Institute of Technology and Science (MITS), Gwalior",1,2026-07-13
Devengers,1,2026-07-13
"Shri Ram College of Commerce, University of Delhi",1,2026-07-13
Transcend,1,2026-07-13
"Oriental Group of Institutes, Bhopal, Madhya Pradesh",1,2026-07-13
Generally Critical,1,2026-07-13
The University of Texas at Dallas (TUTAD),1,2026-07-13
"Birla Institute of Technology (BIT), Mesra, Ranchi",1,2026-07-13
Gradient Technology Services (Gradientts),1,2026-07-13
Gyan Ganga College Of Technology (GGCT),1,2026-07-13
University of Engineering and Management Kolkata,1,2026-07-13
WVUMedicine,1,2026-07-13
"Oriental Institute of Science and Technology (OIST), Bhopal",1,2026-07-13
ThunderCipher,1,2026-07-13
"Shri Mathura High School, Sitamarhi, Bihar",1,2026-07-13
"Gayatri Vidya Parishad College of Engineering (GVPCE), Visakhapatnam",1,2026-07-13
"Asian International University (AIU), Manipur",1,2026-07-13
Global Research Hub,1,2026-07-13
"The Technological Institute of Textile and Sciences, Bhiwani",1,2026-07-13
AHZ Associates Limited,1,2026-07-13
Soft Webtech Solutions,1,2026-07-13
"Noida International University (NIU), Greater Noida",1,2026-07-13
Startup Grind Bhubaneswar,1,2026-07-13
PM Pediatric Care,1,2026-07-13
"B.N. College Of Engineering And Technology, Lucknow, Uttar Pradesh",1,2026-07-13
"Marathwada Mitra Mandal's College of Engineering (MMCOE), Pune",1,2026-07-13
H & P Projects,1,2026-07-13
"CMR University (CMRU), Bangalore, Karnataka",1,2026-07-13
Wribate,1,2026-07-13
CodeArena,1,2026-07-13
Adelaide Metrics,1,2026-07-13
Chennai Institute of Technology,1,2026-07-13
"IEEE WIE Affinity Group, Bharati Vidyapeeth (Deemed to be University) College of Engineering, Pune",1,2026-07-13
"Dhanalakshmi Srinivasan Engineering College, Perambalur",1,2026-07-13
"Pranveer Singh Institute of Technology (PSIT), Kanpur",1,2026-07-13
Ada,1,2026-07-13
"DuCharme, McMillen & Associates",1,2026-07-13
"Woxsen University, Hyderabad",1,2026-07-13
"Govt. Degree College, Padder",1,2026-07-13
The Access Group,1,2026-07-13
The Trevor Project,1,2026-07-13
SRS Acquiom,1,2026-07-13
SheKunj,1,2026-07-13
Itvedant Education Pvt. Ltd.,1,2026-07-13
PeakAi,1,2026-07-13
Om Textiles,1,2026-07-13
"Guru Gobind Singh Indraprastha University (GGSIPU), Delhi",1,2026-07-13
First Financial Bank,1,2026-07-13
Hilbert,1,2026-07-13
"Indian Institute of Technology (IIT), Madras",1,2026-07-13
"KIIT School of Management (KSOM), Bhubaneswar",1,2026-07-13
"Pimpri Chinchwad College of Engineering (PCCOE), Pune",1,2026-07-13
Kemin,1,2026-07-13
RoadRunner Recycling,1,2026-07-13
"Amrita Vishwa Vidyapeetham (AVV), Chennai",1,2026-07-13
Code Capital & Coffee,1,2026-07-13
"Army Institute of Technology (AIT), Pune",1,2026-07-13
Falcon Sphere,1,2026-07-13
Quality Thought Info Systems,1,2026-07-13
"Mumbai University (MU), Mumbai",1,2026-07-13
"Indian Institute of Technology (IIT), Bombay",1,2026-07-13
Sathyabama University of Science and Technology,1,2026-07-13
TechZen innovation,1,2026-07-13
National Laboratory of the Rockies,1,2026-07-13
Hone Health,1,2026-07-13
Ontic,1,2026-07-13
Kong,1,2026-07-13
AcuityMD,1,2026-07-13
Quora,1,2026-07-13
"Visvesvaraya National Institute of Technology (VNIT), Nagpur",1,2026-07-13
Parsewave AI,1,2026-07-13
DailyPay,1,2026-07-13
"Sant Longowal Institute of Engineering and Technology, Longowal, Punjab",1,2026-07-13
Dr. B. R. Ambedkar School of Specialised Excellence,1,2026-07-13
Colgate-Palmolive (India) Limited,1,2026-07-13
Unstop,1,2026-07-13
HackerX Community,1,2026-07-13
Hazra & Paul PROJECTS,1,2026-07-13
Mochatrade (YC P26),1,2026-07-13
Awadhesh Pratap Singh (APS) University,1,2026-07-13
Michael Baker International,1,2026-07-13
Garner Health,1,2026-07-13
SOCi,1,2026-07-13
MarkHub24,1,2026-07-13
Dyndox,1,2026-07-13
"Xavier School of Management (XLRI), Jamshedpur",1,2026-07-13
"KVG College of Engineering (KVGCE), Sullia, Karnataka",1,2026-07-13
PharmaOrbit,1,2026-07-13
Hitachi Energy,1,2026-07-13
Cobuild,1,2026-07-13
Hack4Health,1,2026-07-13
InteractUp,1,2026-07-13
"Institute of Information Technology & Management (IITM), Delhi",1,2026-07-13
Arihant Capital Ltd,1,2026-07-13
"Indian Institute of Management (IIM), Rohtak",1,2026-07-13
Devadiya Foundation,1,2026-07-13
Carrier Global,1,2026-07-13
Ultra,1,2026-07-13
Protective Life,1,2026-07-13
Highmark Health,1,2026-07-13
Ultra Intelligence and Communications,1,2026-07-13
Axcentra,1,2026-07-13
Blackcoffer,1,2026-07-13
Gradus,1,2026-07-13
TaskVeda,1,2026-07-13
"Kalindi College (KC), University of Delhi (DU), Delhi",1,2026-07-13
"Guru Jambheshwar University of Science and Technology, Hisar, Haryana",1,2026-07-13
"Inderprastha Engineering College (IPEC), Ghaziabad",1,2026-07-13
Maharana Pratap Group of institutions,1,2026-07-13
Community InnovateX,1,2026-07-13
"University of Lucknow, Lucknow, Uttar Pradesh",1,2026-07-13
CampusOrbit,1,2026-07-13
"SDA Bocconi Asia Center, Mumbai",1,2026-07-13
Uniadvise,1,2026-07-13
MyCaptain by Imarticus learning,1,2026-07-13
MyCaptain,1,2026-07-13
Innovation Hacks,1,2026-07-13
"IEEE Computer Society MITS, Gwalior",1,2026-07-13
"Prof Ram Meghe College of Engineering & Management, Badnera - Amravati",1,2026-07-13
Bodha Software Technologies Pvt Ltd,1,2026-07-13
Makerworks LLP,1,2026-07-13
"Amrita Vishwa Vidyapeetham, Amaravati, Andhra Pradesh",1,2026-07-13
TVS Credit,1,2026-07-13
